date,year,month,week,avg_temperature,avg_pressure,rain,snow,storm
2017-01-01,2017,01,52,2.0,736.5,1.0,0.0,0.0
2017-01-02,2017,01,1,0.5,732.5,0.0,0.0,0.0
2017-01-03,2017,01,1,-8.0,736.0,0.0,1.0,0.0
2017-01-04,2017,01,1,-9.5,735.0,0.0,1.0,0.0
2017-01-05,2017,01,1,-15.0,741.5,0.0,0.0,0.0
2017-01-06,2017,01,1,-26.5,757.5,0.0,0.0,0.0
2017-01-07,2017,01,1,-25.5,756.0,0.0,1.0,0.0
2017-01-08,2017,01,1,-23.0,757.0,0.0,0.0,0.0
2017-01-09,2017,01,2,-16.5,754.5,0.0,0.0,0.0
2017-01-10,2017,01,2,-7.5,752.5,0.0,1.0,0.0
2017-01-11,2017,01,2,-11.0,752.5,0.0,1.0,0.0
2017-01-12,2017,01,2,-8.0,740.5,0.0,2.0,0.0
2017-01-13,2017,01,2,-4.5,743.5,0.0,0.0,0.0
2017-01-14,2017,01,2,-1.0,744.5,0.0,0.0,0.0
2017-01-15,2017,01,2,-1.0,745.5,0.0,2.0,0.0
2017-01-16,2017,01,3,-0.5,754.0,0.0,1.0,0.0
2017-01-17,2017,01,3,-2.5,759.0,0.0,1.0,0.0
2017-01-18,2017,01,3,-4.5,760.5,0.0,0.0,0.0
2017-01-19,2017,01,3,-3.0,750.5,0.0,0.0,0.0
2017-01-20,2017,01,3,-2.5,746.0,0.0,0.0,0.0
2017-01-21,2017,01,3,-3.5,745.0,0.0,1.0,0.0
2017-01-22,2017,01,3,-2.0,746.5,0.0,2.0,0.0
2017-01-23,2017,01,4,0.5,744.0,0.0,0.0,0.0
2017-01-24,2017,01,4,-0.5,740.5,0.0,1.0,0.0
2017-01-25,2017,01,4,-13.0,756.5,0.0,0.0,0.0
2017-01-26,2017,01,4,-11.5,752.0,0.0,1.0,0.0
2017-01-27,2017,01,4,-2.0,751.0,0.0,0.0,0.0
2017-01-28,2017,01,4,-2.0,756.5,0.0,0.0,0.0
2017-01-29,2017,01,4,-6.5,761.0,0.0,0.0,0.0
2017-01-30,2017,01,5,-8.5,758.0,0.0,0.0,0.0
2017-01-31,2017,01,5,-7.5,752.5,0.0,0.0,0.0
2017-02-01,2017,02,5,-2.0,750.0,0.0,0.0,0.0
2017-02-02,2017,02,5,-10.0,756.0,0.0,0.0,0.0
2017-02-03,2017,02,5,-6.0,752.5,0.0,0.0,0.0
2017-02-04,2017,02,5,-10.0,748.0,0.0,1.0,0.0
2017-02-05,2017,02,5,-8.5,750.0,0.0,0.0,0.0
2017-02-06,2017,02,6,-15.0,760.0,0.0,0.0,0.0
2017-02-07,2017,02,6,-17.5,767.5,0.0,0.0,0.0
2017-02-08,2017,02,6,-12.0,766.0,0.0,2.0,0.0
2017-02-09,2017,02,6,-5.0,764.0,0.0,0.0,0.0
2017-02-10,2017,02,6,-2.5,763.5,0.0,0.0,0.0
2017-02-11,2017,02,6,-1.0,762.5,0.0,0.0,0.0
2017-02-12,2017,02,6,-5.5,761.0,0.0,2.0,0.0
2017-02-13,2017,02,7,-7.0,753.0,0.0,1.0,0.0
2017-02-14,2017,02,7,2.0,742.5,0.0,0.0,0.0
2017-02-15,2017,02,7,-3.0,756.5,0.0,0.0,0.0
2017-02-16,2017,02,7,-4.0,756.0,0.0,0.0,0.0
2017-02-17,2017,02,7,-1.5,743.5,0.0,0.0,0.0
2017-02-18,2017,02,7,2.0,742.5,0.0,0.0,0.0
2017-02-19,2017,02,7,1.5,741.5,0.0,1.0,0.0
2017-02-20,2017,02,8,3.0,735.5,1.0,0.0,0.0
2017-02-21,2017,02,8,1.5,725.0,2.0,0.0,0.0
2017-02-22,2017,02,8,-6.0,734.5,0.0,1.0,0.0
2017-02-23,2017,02,8,-1.0,727.0,0.0,1.0,0.0
2017-02-24,2017,02,8,2.5,725.0,1.0,1.0,0.0
2017-02-25,2017,02,8,-1.5,735.0,0.0,0.0,0.0
2017-02-26,2017,02,8,-1.5,739.5,0.0,1.0,0.0
2017-02-27,2017,02,9,2.0,740.5,0.0,0.0,0.0
2017-02-28,2017,02,9,3.5,748.5,0.0,0.0,0.0
2017-03-01,2017,03,9,4.5,743.0,0.0,0.0,0.0
2017-03-02,2017,03,9,3.5,740.0,1.0,0.0,0.0
2017-03-03,2017,03,9,3.5,739.5,0.0,0.0,0.0
2017-03-04,2017,03,9,4.0,747.0,0.0,0.0,0.0
2017-03-05,2017,03,9,3.5,743.0,1.0,0.0,0.0
2017-03-06,2017,03,10,-2.0,747.0,1.0,0.0,0.0
2017-03-07,2017,03,10,1.5,753.0,0.0,0.0,0.0
2017-03-08,2017,03,10,3.5,758.0,0.0,0.0,0.0
2017-03-09,2017,03,10,8.0,755.5,0.0,0.0,0.0
2017-03-10,2017,03,10,6.0,751.5,0.0,0.0,0.0
2017-03-11,2017,03,10,5.5,752.5,0.0,0.0,0.0
2017-03-12,2017,03,10,5.5,755.0,0.0,0.0,0.0
2017-03-13,2017,03,11,5.0,755.0,0.0,0.0,0.0
2017-03-14,2017,03,11,5.0,755.0,0.0,0.0,0.0
2017-03-15,2017,03,11,7.5,745.0,0.0,0.0,0.0
2017-03-16,2017,03,11,3.0,744.0,0.0,0.0,0.0
2017-03-17,2017,03,11,5.0,745.0,0.0,0.0,0.0
2017-03-18,2017,03,11,5.5,740.0,0.0,0.0,0.0
2017-03-19,2017,03,11,3.5,738.5,1.0,0.0,0.0
2017-03-20,2017,03,12,3.5,742.0,1.0,0.0,0.0
2017-03-21,2017,03,12,5.0,746.5,0.0,0.0,0.0
2017-03-22,2017,03,12,9.5,748.0,0.0,0.0,0.0
2017-03-23,2017,03,12,7.5,752.0,0.0,0.0,0.0
2017-03-24,2017,03,12,4.5,746.5,0.0,0.0,0.0
2017-03-25,2017,03,12,2.0,746.0,0.0,0.0,0.0
2017-03-26,2017,03,12,4.5,743.0,0.0,0.0,0.0
2017-03-27,2017,03,13,2.5,736.0,0.0,0.0,0.0
2017-03-28,2017,03,13,1.0,737.5,0.0,0.0,0.0
2017-03-29,2017,03,13,-1.0,744.0,0.0,0.0,0.0
2017-03-30,2017,03,13,-2.5,750.5,0.0,0.0,0.0
2017-03-31,2017,03,13,0.0,749.0,0.0,1.0,0.0
2017-04-01,2017,04,13,3.5,753.5,0.0,0.0,0.0
2017-04-02,2017,04,13,6.5,746.5,0.0,0.0,0.0
2017-04-03,2017,04,14,2.5,750.5,1.0,1.0,0.0
2017-04-04,2017,04,14,5.0,757.5,0.0,0.0,0.0
2017-04-05,2017,04,14,10.5,747.5,0.0,0.0,0.0
2017-04-06,2017,04,14,16.5,740.5,0.0,0.0,0.0
2017-04-07,2017,04,14,9.0,740.5,1.0,0.0,0.0
2017-04-08,2017,04,14,5.0,743.0,1.0,0.0,0.0
2017-04-09,2017,04,14,7.0,751.5,0.0,0.0,0.0
2017-04-10,2017,04,15,8.0,746.5,0.0,0.0,0.0
2017-04-11,2017,04,15,15.0,738.0,0.0,0.0,0.0
2017-04-12,2017,04,15,4.5,739.0,0.0,0.0,0.0
2017-04-13,2017,04,15,6.0,736.0,2.0,0.0,0.0
2017-04-14,2017,04,15,2.0,737.5,0.0,0.0,0.0
2017-04-15,2017,04,15,2.0,739.5,0.0,0.0,0.0
2017-04-16,2017,04,15,2.0,736.5,0.0,1.0,0.0
2017-04-17,2017,04,16,-1.0,746.5,0.0,0.0,0.0
2017-04-18,2017,04,16,1.0,754.5,0.0,0.0,0.0
2017-04-19,2017,04,16,2.0,755.0,0.0,0.0,0.0
2017-04-20,2017,04,16,3.0,752.5,0.0,0.0,0.0
2017-04-21,2017,04,16,6.5,741.5,0.0,0.0,0.0
2017-04-22,2017,04,16,6.5,731.0,0.0,0.0,0.0
2017-04-23,2017,04,16,6.0,739.0,0.0,0.0,0.0
2017-04-24,2017,04,17,4.0,742.5,0.0,0.0,0.0
2017-04-25,2017,04,17,9.0,747.5,0.0,0.0,0.0
2017-04-26,2017,04,17,13.5,744.5,1.0,0.0,0.0
2017-04-27,2017,04,17,5.5,748.0,2.0,0.0,0.0
2017-04-28,2017,04,17,6.5,752.5,1.0,0.0,0.0
2017-04-29,2017,04,17,21.0,749.0,0.0,0.0,0.0
2017-04-30,2017,04,17,22.0,751.0,0.0,0.0,0.0
2017-05-01,2017,05,18,22.0,752.5,0.0,0.0,0.0
2017-05-02,2017,05,18,20.5,748.0,0.0,0.0,0.0
2017-05-03,2017,05,18,13.5,754.0,0.0,0.0,0.0
2017-05-04,2017,05,18,9.0,757.0,0.0,0.0,0.0
2017-05-05,2017,05,18,13.5,749.5,0.0,0.0,0.0
2017-05-06,2017,05,18,14.5,741.0,1.0,0.0,0.0
2017-05-07,2017,05,18,9.5,742.5,0.0,0.0,0.0
2017-05-08,2017,05,19,1.5,737.5,0.0,1.0,0.0
2017-05-09,2017,05,19,3.0,738.0,1.0,0.0,0.0
2017-05-10,2017,05,19,5.0,739.5,0.0,0.0,0.0
2017-05-11,2017,05,19,3.5,742.0,0.0,1.0,0.0
2017-05-12,2017,05,19,5.5,748.5,0.0,0.0,0.0
2017-05-13,2017,05,19,9.5,752.0,0.0,0.0,0.0
2017-05-14,2017,05,19,11.5,755.0,0.0,0.0,0.0
2017-05-15,2017,05,20,16.0,753.5,0.0,0.0,0.0
2017-05-16,2017,05,20,6.5,751.5,1.0,0.0,0.0
2017-05-17,2017,05,20,9.0,752.0,0.0,0.0,0.0
2017-05-18,2017,05,20,16.0,751.0,0.0,0.0,0.0
2017-05-19,2017,05,20,18.0,749.0,0.0,0.0,0.0
2017-05-20,2017,05,20,20.0,744.5,0.0,0.0,0.0
2017-05-21,2017,05,20,10.5,744.5,0.0,0.0,0.0
2017-05-22,2017,05,21,13.0,746.0,0.0,0.0,0.0
2017-05-23,2017,05,21,17.5,744.0,0.0,0.0,0.0
2017-05-24,2017,05,21,19.0,745.5,0.0,0.0,0.0
2017-05-25,2017,05,21,14.5,745.0,1.0,0.0,0.0
2017-05-26,2017,05,21,18.0,743.0,0.0,0.0,0.0
2017-05-27,2017,05,21,14.0,747.5,0.0,0.0,0.0
2017-05-28,2017,05,21,11.0,749.0,0.0,0.0,0.0
2017-05-29,2017,05,22,20.0,737.5,0.0,0.0,0.0
2017-05-30,2017,05,22,15.0,743.5,0.0,0.0,0.0
2017-05-31,2017,05,22,18.0,738.0,0.0,0.0,0.0
2017-06-01,2017,06,22,13.0,737.5,0.0,0.0,0.0
2017-06-02,2017,06,22,7.5,737.5,0.0,0.0,0.0
2017-06-03,2017,06,22,8.0,743.0,1.0,0.0,0.0
2017-06-04,2017,06,22,12.0,746.0,0.0,0.0,0.0
2017-06-05,2017,06,23,12.0,743.5,1.0,0.0,0.0
2017-06-06,2017,06,23,13.5,749.0,0.0,0.0,0.0
2017-06-07,2017,06,23,18.0,748.5,0.0,0.0,0.0
2017-06-08,2017,06,23,20.5,747.0,0.0,0.0,0.0
2017-06-09,2017,06,23,18.0,749.0,0.0,0.0,0.0
2017-06-10,2017,06,23,17.0,747.5,0.0,0.0,0.0
2017-06-11,2017,06,23,18.5,745.0,0.0,0.0,0.0
2017-06-12,2017,06,24,18.5,739.5,0.0,0.0,0.0
2017-06-13,2017,06,24,14.0,731.5,0.0,0.0,0.0
2017-06-14,2017,06,24,13.0,733.0,0.0,0.0,1.0
2017-06-15,2017,06,24,10.5,740.5,1.0,0.0,0.0
2017-06-16,2017,06,24,14.0,741.5,0.0,0.0,0.0
2017-06-17,2017,06,24,19.0,743.0,0.0,0.0,0.0
2017-06-18,2017,06,24,21.0,744.0,0.0,0.0,0.0
2017-06-19,2017,06,25,18.0,740.5,0.0,0.0,0.0
2017-06-20,2017,06,25,21.5,738.0,0.0,0.0,0.0
2017-06-21,2017,06,25,13.5,737.0,0.0,0.0,0.0
2017-06-22,2017,06,25,13.0,740.0,0.0,0.0,0.0
2017-06-23,2017,06,25,12.5,740.0,0.0,0.0,0.0
2017-06-24,2017,06,25,16.5,741.0,0.0,0.0,0.0
2017-06-25,2017,06,25,18.5,740.5,0.0,0.0,0.0
2017-06-26,2017,06,26,20.0,739.0,0.0,0.0,0.0
2017-06-27,2017,06,26,19.0,742.5,0.0,0.0,0.0
2017-06-28,2017,06,26,19.5,746.0,0.0,0.0,0.0
2017-06-29,2017,06,26,21.0,746.5,0.0,0.0,0.0
2017-06-30,2017,06,26,19.0,740.5,2.0,0.0,0.0
2017-07-01,2017,07,26,22.0,738.0,0.0,0.0,0.0
2017-07-02,2017,07,26,16.0,737.0,1.0,0.0,0.0
2017-07-03,2017,07,27,15.5,739.0,0.0,0.0,0.0
2017-07-04,2017,07,27,17.5,742.0,0.0,0.0,0.0
2017-07-05,2017,07,27,17.5,739.5,0.0,0.0,0.0
2017-07-06,2017,07,27,17.0,743.0,0.0,0.0,0.0
2017-07-07,2017,07,27,12.5,742.0,1.0,0.0,0.0
2017-07-08,2017,07,27,12.0,740.5,1.0,0.0,0.0
2017-07-09,2017,07,27,14.5,742.0,0.0,0.0,0.0
2017-07-10,2017,07,28,15.5,745.5,1.0,0.0,0.0
2017-07-11,2017,07,28,21.5,749.0,0.0,0.0,0.0
2017-07-12,2017,07,28,17.5,745.5,2.0,0.0,0.0
2017-07-13,2017,07,28,20.5,741.5,0.0,0.0,0.0
2017-07-14,2017,07,28,19.5,742.0,0.0,0.0,0.0
2017-07-15,2017,07,28,23.5,745.5,0.0,0.0,0.0
2017-07-16,2017,07,28,22.5,747.0,0.0,0.0,0.0
2017-07-17,2017,07,29,17.0,749.0,0.0,0.0,0.0
2017-07-18,2017,07,29,19.5,747.5,0.0,0.0,0.0
2017-07-19,2017,07,29,18.0,749.0,0.0,0.0,0.0
2017-07-20,2017,07,29,19.5,746.5,0.0,0.0,0.0
2017-07-21,2017,07,29,20.0,746.5,0.0,0.0,0.0
2017-07-22,2017,07,29,17.5,747.5,0.0,0.0,0.0
2017-07-23,2017,07,29,19.5,746.0,0.0,0.0,0.0
2017-07-24,2017,07,30,20.5,745.0,0.0,0.0,0.0
2017-07-25,2017,07,30,20.5,744.0,0.0,0.0,0.0
2017-07-26,2017,07,30,25.0,741.5,0.0,0.0,0.0
2017-07-27,2017,07,30,26.0,742.0,0.0,0.0,0.0
2017-07-28,2017,07,30,23.0,744.0,0.0,0.0,0.0
2017-07-29,2017,07,30,29.5,741.0,0.0,0.0,0.0
2017-07-30,2017,07,30,21.0,740.0,1.0,0.0,0.0
2017-07-31,2017,07,31,22.0,746.0,0.0,0.0,0.0
2017-08-01,2017,08,31,23.5,750.5,0.0,0.0,0.0
2017-08-02,2017,08,31,26.0,749.5,0.0,0.0,0.0
2017-08-03,2017,08,31,21.5,746.0,0.0,0.0,0.0
2017-08-04,2017,08,31,20.5,742.0,0.0,0.0,1.0
2017-08-05,2017,08,31,19.5,742.5,0.0,0.0,0.0
2017-08-06,2017,08,31,21.0,748.0,0.0,0.0,0.0
2017-08-07,2017,08,32,21.5,749.0,0.0,0.0,0.0
2017-08-08,2017,08,32,20.5,753.0,0.0,0.0,0.0
2017-08-09,2017,08,32,19.5,757.0,0.0,0.0,0.0
2017-08-10,2017,08,32,22.0,753.5,0.0,0.0,0.0
2017-08-11,2017,08,32,21.0,748.0,0.0,0.0,0.0
2017-08-12,2017,08,32,22.5,749.0,0.0,0.0,0.0
2017-08-13,2017,08,32,24.5,747.5,0.0,0.0,0.0
2017-08-14,2017,08,33,23.5,750.0,0.0,0.0,0.0
2017-08-15,2017,08,33,21.0,756.0,0.0,0.0,0.0
2017-08-16,2017,08,33,20.5,756.5,0.0,0.0,0.0
2017-08-17,2017,08,33,22.5,755.5,0.0,0.0,0.0
2017-08-18,2017,08,33,24.0,754.0,0.0,0.0,0.0
2017-08-19,2017,08,33,27.0,752.0,0.0,0.0,0.0
2017-08-20,2017,08,33,26.5,752.5,0.0,0.0,0.0
2017-08-21,2017,08,34,25.0,749.5,0.0,0.0,0.0
2017-08-22,2017,08,34,27.0,746.5,0.0,0.0,0.0
2017-08-23,2017,08,34,21.0,740.0,0.0,0.0,0.0
2017-08-24,2017,08,34,17.0,742.5,0.0,0.0,0.0
2017-08-25,2017,08,34,16.5,747.0,0.0,0.0,0.0
2017-08-26,2017,08,34,16.5,745.5,0.0,0.0,0.0
2017-08-27,2017,08,34,15.5,746.0,0.0,0.0,0.0
2017-08-28,2017,08,35,11.0,743.0,2.0,0.0,0.0
2017-08-29,2017,08,35,13.0,748.5,0.0,0.0,0.0
2017-08-30,2017,08,35,13.0,752.0,0.0,0.0,0.0
2017-08-31,2017,08,35,15.0,752.0,0.0,0.0,0.0
2017-09-01,2017,09,35,17.5,749.0,0.0,0.0,0.0
2017-09-02,2017,09,35,20.5,745.5,0.0,0.0,0.0
2017-09-03,2017,09,35,17.5,748.0,0.0,0.0,0.0
2017-09-04,2017,09,36,14.0,751.0,0.0,0.0,0.0
2017-09-05,2017,09,36,10.5,748.5,2.0,0.0,0.0
2017-09-06,2017,09,36,12.0,742.5,1.0,0.0,0.0
2017-09-07,2017,09,36,14.5,739.5,0.0,0.0,0.0
2017-09-08,2017,09,36,13.0,741.0,0.0,0.0,0.0
2017-09-09,2017,09,36,14.5,747.5,0.0,0.0,0.0
2017-09-10,2017,09,36,18.5,747.5,0.0,0.0,0.0
2017-09-11,2017,09,37,21.5,746.0,0.0,0.0,0.0
2017-09-12,2017,09,37,22.5,745.5,0.0,0.0,0.0
2017-09-13,2017,09,37,21.5,736.5,0.0,0.0,0.0
2017-09-14,2017,09,37,16.5,739.0,0.0,0.0,0.0
2017-09-15,2017,09,37,17.0,739.0,1.0,0.0,0.0
2017-09-16,2017,09,37,14.0,750.5,0.0,0.0,0.0
2017-09-17,2017,09,37,14.5,751.0,1.0,0.0,0.0
2017-09-18,2017,09,38,21.5,740.0,0.0,0.0,0.0
2017-09-19,2017,09,38,12.0,747.5,0.0,0.0,0.0
2017-09-20,2017,09,38,13.5,754.5,0.0,0.0,0.0
2017-09-21,2017,09,38,13.0,758.0,0.0,0.0,0.0
2017-09-22,2017,09,38,12.5,761.0,0.0,0.0,0.0
2017-09-23,2017,09,38,12.0,762.0,0.0,0.0,0.0
2017-09-24,2017,09,38,13.5,764.5,0.0,0.0,0.0
2017-09-25,2017,09,39,12.5,764.5,0.0,0.0,0.0
2017-09-26,2017,09,39,11.0,766.0,0.0,0.0,0.0
2017-09-27,2017,09,39,9.0,767.0,0.0,0.0,0.0
2017-09-28,2017,09,39,8.5,767.0,0.0,0.0,0.0
2017-09-29,2017,09,39,7.5,760.0,0.0,0.0,0.0
2017-09-30,2017,09,39,8.5,758.0,0.0,0.0,0.0
2017-10-01,2017,10,39,5.5,761.0,0.0,0.0,0.0
2017-10-02,2017,10,40,4.0,760.5,0.0,0.0,0.0
2017-10-03,2017,10,40,5.0,757.5,0.0,0.0,0.0
2017-10-04,2017,10,40,8.5,747.0,0.0,0.0,0.0
2017-10-05,2017,10,40,8.5,735.0,2.0,0.0,0.0
2017-10-06,2017,10,40,7.5,732.0,1.0,0.0,0.0
2017-10-07,2017,10,40,9.5,744.0,0.0,0.0,0.0
2017-10-08,2017,10,40,8.0,749.0,0.0,0.0,0.0
2017-10-09,2017,10,41,14.0,740.5,0.0,0.0,0.0
2017-10-10,2017,10,41,9.0,745.5,0.0,0.0,0.0
2017-10-11,2017,10,41,8.5,746.0,0.0,0.0,0.0
2017-10-12,2017,10,41,8.0,743.0,0.0,0.0,0.0
2017-10-13,2017,10,41,9.0,737.0,1.0,0.0,0.0
2017-10-14,2017,10,41,6.0,740.5,1.0,0.0,0.0
2017-10-15,2017,10,41,5.0,738.0,1.0,0.0,0.0
2017-10-16,2017,10,42,5.5,746.5,0.0,0.0,0.0
2017-10-17,2017,10,42,9.0,746.5,0.0,0.0,0.0
2017-10-18,2017,10,42,12.5,739.5,0.0,0.0,0.0
2017-10-19,2017,10,42,6.5,748.0,0.0,0.0,0.0
2017-10-20,2017,10,42,5.5,752.0,0.0,0.0,0.0
2017-10-21,2017,10,42,1.5,750.0,0.0,0.0,0.0
2017-10-22,2017,10,42,1.5,749.0,0.0,0.0,0.0
2017-10-23,2017,10,43,0.5,753.5,0.0,1.0,0.0
2017-10-24,2017,10,43,-1.0,761.0,0.0,0.0,0.0
2017-10-25,2017,10,43,0.5,760.0,0.0,0.0,0.0
2017-10-26,2017,10,43,-1.0,747.0,0.0,1.0,0.0
2017-10-27,2017,10,43,0.0,741.0,0.0,0.0,0.0
2017-10-28,2017,10,43,2.5,737.0,0.0,0.0,0.0
2017-10-29,2017,10,43,5.5,725.5,1.0,0.0,0.0
2017-10-30,2017,10,44,5.0,723.0,2.0,0.0,0.0
2017-10-31,2017,10,44,1.5,721.0,1.0,1.0,0.0
2017-11-01,2017,11,44,-1.5,735.5,0.0,0.0,0.0
2017-11-02,2017,11,44,-2.0,739.0,0.0,0.0,0.0
2017-11-03,2017,11,44,1.5,742.0,0.0,1.0,0.0
2017-11-04,2017,11,44,1.5,750.0,0.0,0.0,0.0
2017-11-05,2017,11,44,4.5,752.5,0.0,0.0,0.0
2017-11-06,2017,11,45,6.5,755.0,0.0,0.0,0.0
2017-11-07,2017,11,45,5.0,757.0,0.0,0.0,0.0
2017-11-08,2017,11,45,2.5,760.0,0.0,0.0,0.0
2017-11-09,2017,11,45,2.0,756.5,0.0,0.0,0.0
2017-11-10,2017,11,45,2.5,748.5,1.0,0.0,0.0
2017-11-11,2017,11,45,5.0,743.5,1.0,0.0,0.0
2017-11-12,2017,11,45,4.0,740.5,0.0,0.0,0.0
2017-11-13,2017,11,46,1.0,747.5,0.0,0.0,0.0
2017-11-14,2017,11,46,1.5,743.0,1.0,0.0,0.0
2017-11-16,2017,11,46,2.5,747.5,2.0,0.0,0.0
2017-11-17,2017,11,46,2.0,750.5,0.0,0.0,0.0
2017-11-18,2017,11,46,2.5,748.0,0.0,0.0,0.0
2017-11-19,2017,11,46,1.5,742.5,1.0,1.0,0.0
2017-11-20,2017,11,47,2.0,745.0,0.0,0.0,0.0
2017-11-21,2017,11,47,0.0,741.0,0.0,1.0,0.0
2017-11-22,2017,11,47,-1.5,743.0,0.0,1.0,0.0
2017-11-23,2017,11,47,-3.5,750.5,0.0,0.0,0.0
2017-11-24,2017,11,47,-4.0,754.0,0.0,0.0,0.0
2017-11-25,2017,11,47,-5.0,752.0,0.0,0.0,0.0
2017-11-28,2017,11,48,-2.5,755.0,0.0,1.0,0.0
2017-11-29,2017,11,48,-4.0,754.0,0.0,0.0,0.0
2017-11-30,2017,11,48,-1.0,755.0,0.0,1.0,0.0
2017-12-01,2017,12,48,0.5,750.0,0.0,2.0,0.0
2017-12-02,2017,12,48,1.5,752.5,0.0,0.0,0.0
2017-12-03,2017,12,48,1.0,751.5,0.0,0.0,0.0
2017-12-04,2017,12,49,0.5,737.5,1.0,1.0,0.0
2017-12-05,2017,12,49,-2.0,743.0,0.0,1.0,0.0
2017-12-06,2017,12,49,-2.5,737.0,0.0,2.0,0.0
2017-12-07,2017,12,49,-4.5,743.5,0.0,1.0,0.0
2017-12-08,2017,12,49,-4.5,745.0,0.0,1.0,0.0
2017-12-09,2017,12,49,1.0,745.5,0.0,1.0,0.0
2017-12-10,2017,12,49,0.5,742.5,1.0,0.0,0.0
2017-12-11,2017,12,50,1.0,740.5,0.0,1.0,0.0
2017-12-12,2017,12,50,0.5,745.0,1.0,0.0,0.0
2017-12-13,2017,12,50,2.0,746.0,0.0,0.0,0.0
2017-12-14,2017,12,50,1.0,742.0,0.0,2.0,0.0
2017-12-15,2017,12,50,2.0,745.0,0.0,0.0,0.0
2017-12-16,2017,12,50,4.5,741.5,1.0,0.0,0.0
2017-12-17,2017,12,50,2.0,747.0,0.0,0.0,0.0
2017-12-18,2017,12,51,0.5,752.0,0.0,1.0,0.0
2017-12-19,2017,12,51,0.5,751.0,0.0,0.0,0.0
2017-12-20,2017,12,51,0.5,758.5,0.0,0.0,0.0
2017-12-21,2017,12,51,0.0,753.5,0.0,0.0,0.0
2017-12-22,2017,12,51,-4.0,746.5,0.0,1.0,0.0
2017-12-23,2017,12,51,-2.5,739.5,0.0,0.0,0.0
2017-12-24,2017,12,51,-1.0,723.5,0.0,1.0,0.0
2017-12-25,2017,12,52,-3.5,737.5,0.0,0.0,0.0
2017-12-26,2017,12,52,3.0,738.0,0.0,0.0,0.0
2017-12-27,2017,12,52,2.0,739.5,0.0,0.0,0.0
2017-12-28,2017,12,52,0.5,746.5,1.0,0.0,0.0
2017-12-29,2017,12,52,3.0,749.0,0.0,0.0,0.0
2017-12-30,2017,12,52,1.5,746.5,1.0,0.0,0.0
2017-12-31,2017,12,52,1.0,745.5,0.0,0.0,0.0
2018-01-01,2018,01,1,1.0,746.0,0.0,0.0,0.0
2018-01-02,2018,01,1,2.0,747.5,0.0,0.0,0.0
2018-01-03,2018,01,1,3.5,746.5,1.0,0.0,0.0
2018-01-04,2018,01,1,0.5,745.5,0.0,0.0,0.0
2018-01-05,2018,01,1,-1.5,745.0,0.0,0.0,0.0
2018-01-06,2018,01,1,2.0,742.5,0.0,0.0,0.0
2018-01-07,2018,01,1,0.5,745.5,0.0,0.0,0.0
2018-01-08,2018,01,2,-2.0,746.5,0.0,0.0,0.0
2018-01-09,2018,01,2,-4.5,752.5,0.0,0.0,0.0
2018-01-10,2018,01,2,-4.5,754.5,0.0,0.0,0.0
2018-01-11,2018,01,2,-4.0,754.0,0.0,1.0,0.0
2018-01-12,2018,01,2,-6.5,766.0,0.0,0.0,0.0
2018-01-13,2018,01,2,-8.0,767.0,0.0,2.0,0.0
2018-01-14,2018,01,2,-5.5,765.5,0.0,0.0,0.0
2018-01-15,2018,01,3,-3.5,762.0,0.0,1.0,0.0
2018-01-16,2018,01,3,-8.0,755.5,0.0,1.0,0.0
2018-01-17,2018,01,3,-7.0,746.0,0.0,0.0,0.0
2018-01-18,2018,01,3,-6.0,743.5,0.0,1.0,0.0
2018-01-19,2018,01,3,-8.0,746.5,0.0,0.0,0.0
2018-01-20,2018,01,3,-8.0,743.5,0.0,2.0,0.0
2018-01-21,2018,01,3,-2.5,743.0,0.0,2.0,0.0
2018-01-22,2018,01,4,-9.0,750.0,0.0,1.0,0.0
2018-01-23,2018,01,4,-8.5,754.5,0.0,1.0,0.0
2018-01-24,2018,01,4,-7.0,758.5,0.0,0.0,0.0
2018-01-25,2018,01,4,-5.5,756.5,0.0,0.0,0.0
2018-01-26,2018,01,4,-2.5,760.0,0.0,1.0,0.0
2018-01-27,2018,01,4,-4.5,759.0,0.0,0.0,0.0
2018-01-28,2018,01,4,-5.5,754.0,0.0,0.0,0.0
2018-01-29,2018,01,5,-5.0,742.5,0.0,2.0,0.0
2018-01-30,2018,01,5,0.0,731.5,0.0,2.0,0.0
2018-01-31,2018,01,5,-5.0,740.0,0.0,1.0,0.0
2018-02-01,2018,02,5,-9.0,748.0,0.0,0.0,0.0
2018-02-02,2018,02,5,-2.5,742.5,0.0,0.0,0.0
2018-02-03,2018,02,5,0.5,740.5,0.0,2.0,0.0
2018-02-04,2018,02,5,-10.0,734.5,0.0,2.0,0.0
2018-02-05,2018,02,6,-11.5,744.0,0.0,2.0,0.0
2018-02-06,2018,02,6,-11.0,754.0,0.0,1.0,0.0
2018-02-07,2018,02,6,-8.0,759.5,0.0,0.0,0.0
2018-02-08,2018,02,6,-6.5,759.0,0.0,0.0,0.0
2018-02-09,2018,02,6,-5.5,754.5,0.0,0.0,0.0
2018-02-10,2018,02,6,-6.0,752.5,0.0,0.0,0.0
2018-02-11,2018,02,6,-4.5,751.0,0.0,2.0,0.0
2018-02-12,2018,02,7,-5.5,752.5,0.0,0.0,0.0
2018-02-13,2018,02,7,-8.0,755.5,0.0,0.0,0.0
2018-02-14,2018,02,7,-7.5,758.5,0.0,0.0,0.0
2018-02-15,2018,02,7,-7.0,761.0,0.0,0.0,0.0
2018-02-16,2018,02,7,-4.0,758.5,0.0,1.0,0.0
2018-02-17,2018,02,7,-4.5,753.5,0.0,2.0,0.0
2018-02-18,2018,02,7,-3.0,749.0,0.0,2.0,0.0
2018-02-19,2018,02,8,-3.5,748.5,0.0,0.0,0.0
2018-02-20,2018,02,8,-6.5,749.5,0.0,0.0,0.0
2018-02-21,2018,02,8,-9.0,753.5,0.0,0.0,0.0
2018-02-22,2018,02,8,-11.5,756.0,0.0,0.0,0.0
2018-02-23,2018,02,8,-11.0,755.0,0.0,0.0,0.0
2018-02-24,2018,02,8,-10.5,755.0,0.0,1.0,0.0
2018-02-25,2018,02,8,-14.0,755.0,0.0,1.0,0.0
2018-02-26,2018,02,9,-16.5,756.0,0.0,1.0,0.0
2018-02-27,2018,02,9,-14.5,762.0,0.0,0.0,0.0
2018-02-28,2018,02,9,-14.0,762.5,0.0,0.0,0.0
2018-03-01,2018,03,9,-9.5,758.5,0.0,0.0,0.0
2018-03-02,2018,03,9,-9.5,751.5,0.0,0.0,0.0
2018-03-03,2018,03,9,-8.0,743.5,0.0,0.0,0.0
2018-03-04,2018,03,9,-9.5,731.0,0.0,2.0,0.0
2018-03-05,2018,03,10,-7.5,742.0,0.0,0.0,0.0
2018-03-06,2018,03,10,-8.5,749.0,0.0,0.0,0.0
2018-03-07,2018,03,10,-5.0,745.0,0.0,0.0,0.0
2018-03-08,2018,03,10,-4.0,746.5,0.0,0.0,0.0
2018-03-09,2018,03,10,-3.0,749.0,0.0,0.0,0.0
2018-03-10,2018,03,10,-5.0,749.5,0.0,1.0,0.0
2018-03-11,2018,03,10,-3.5,752.0,0.0,1.0,0.0
2018-03-12,2018,03,11,-3.0,750.5,0.0,1.0,0.0
2018-03-13,2018,03,11,2.5,746.0,0.0,1.0,0.0
2018-03-14,2018,03,11,-0.5,742.5,0.0,0.0,0.0
2018-03-15,2018,03,11,-3.5,741.0,0.0,1.0,0.0
2018-03-16,2018,03,11,-9.0,747.0,0.0,0.0,0.0
2018-03-17,2018,03,11,-10.0,749.0,0.0,0.0,0.0
2018-03-18,2018,03,11,-6.0,749.0,0.0,0.0,0.0
2018-03-19,2018,03,12,-0.5,743.0,0.0,0.0,0.0
2018-03-20,2018,03,12,2.5,743.5,0.0,0.0,0.0
2018-03-21,2018,03,12,0.0,743.0,0.0,0.0,0.0
2018-03-22,2018,03,12,-1.0,741.5,0.0,0.0,0.0
2018-03-23,2018,03,12,1.5,735.0,0.0,0.0,0.0
2018-03-24,2018,03,12,-2.0,742.5,0.0,0.0,0.0
2018-03-25,2018,03,12,5.0,740.5,0.0,0.0,0.0
2018-03-26,2018,03,13,5.5,740.0,0.0,0.0,0.0
2018-03-27,2018,03,13,-3.5,743.5,0.0,1.0,0.0
2018-03-28,2018,03,13,-5.0,747.0,0.0,0.0,0.0
2018-03-29,2018,03,13,-1.5,750.0,0.0,0.0,0.0
2018-03-30,2018,03,13,0.5,750.0,0.0,0.0,0.0
2018-03-31,2018,03,13,1.5,747.5,0.0,0.0,0.0
2018-04-01,2018,04,13,4.0,745.5,0.0,0.0,0.0
2018-04-02,2018,04,14,5.0,739.0,0.0,0.0,0.0
2018-04-03,2018,04,14,3.5,745.0,0.0,0.0,0.0
2018-04-04,2018,04,14,6.0,750.5,0.0,0.0,0.0
2018-04-05,2018,04,14,8.0,749.5,0.0,0.0,0.0
2018-04-06,2018,04,14,12.0,744.5,0.0,0.0,0.0
2018-04-07,2018,04,14,5.0,751.5,0.0,0.0,0.0
2018-04-08,2018,04,14,9.0,754.5,0.0,0.0,0.0
2018-04-09,2018,04,15,15.5,750.0,0.0,0.0,0.0
2018-04-10,2018,04,15,14.0,744.5,0.0,0.0,0.0
2018-04-11,2018,04,15,5.0,756.5,0.0,0.0,0.0
2018-04-12,2018,04,15,6.0,756.0,0.0,0.0,0.0
2018-04-13,2018,04,15,8.0,756.0,0.0,0.0,0.0
2018-04-14,2018,04,15,9.5,758.0,0.0,0.0,0.0
2018-04-15,2018,04,15,13.0,751.5,0.0,0.0,0.0
2018-04-16,2018,04,16,17.0,749.0,0.0,0.0,0.0
2018-04-17,2018,04,16,18.0,748.0,0.0,0.0,0.0
2018-04-18,2018,04,16,7.5,743.0,0.0,0.0,0.0
2018-04-19,2018,04,16,13.0,741.5,0.0,0.0,0.0
2018-04-20,2018,04,16,12.0,746.5,0.0,0.0,0.0
2018-04-21,2018,04,16,15.0,728.0,0.0,0.0,0.0
2018-04-22,2018,04,16,2.0,740.0,0.0,0.0,0.0
2018-04-23,2018,04,17,6.0,746.0,0.0,0.0,0.0
2018-04-24,2018,04,17,10.0,744.0,0.0,0.0,0.0
2018-04-25,2018,04,17,10.0,739.0,0.0,0.0,0.0
2018-04-26,2018,04,17,10.0,737.0,0.0,0.0,0.0
2018-04-27,2018,04,17,12.0,745.5,0.0,0.0,0.0
2018-04-28,2018,04,17,11.0,748.5,0.0,0.0,0.0
2018-04-29,2018,04,17,13.5,750.0,0.0,0.0,0.0
2018-04-30,2018,04,18,20.0,745.5,0.0,0.0,0.0
2018-05-01,2018,05,18,18.5,745.5,0.0,0.0,0.0
2018-05-02,2018,05,18,22.5,746.5,0.0,0.0,0.0
2018-05-03,2018,05,18,21.0,750.5,0.0,0.0,0.0
2018-05-04,2018,05,18,16.5,753.0,1.0,0.0,0.0
2018-05-05,2018,05,18,23.0,749.0,0.0,0.0,0.0
2018-05-06,2018,05,18,15.0,752.0,0.0,0.0,0.0
2018-05-07,2018,05,19,17.5,751.5,0.0,0.0,0.0
2018-05-08,2018,05,19,20.0,747.5,0.0,0.0,0.0
2018-05-09,2018,05,19,15.5,751.0,0.0,0.0,0.0
2018-05-10,2018,05,19,13.5,754.5,0.0,0.0,0.0
2018-05-11,2018,05,19,18.0,752.5,0.0,0.0,0.0
2018-05-12,2018,05,19,23.5,749.0,0.0,0.0,0.0
2018-05-13,2018,05,19,20.5,752.5,0.0,0.0,0.0
2018-05-14,2018,05,20,22.0,752.5,0.0,0.0,0.0
2018-05-15,2018,05,20,17.0,751.5,1.0,0.0,0.0
2018-05-16,2018,05,20,20.0,749.5,0.0,0.0,0.0
2018-05-17,2018,05,20,23.5,745.5,0.0,0.0,0.0
2018-05-18,2018,05,20,18.5,740.5,1.0,0.0,0.0
2018-05-19,2018,05,20,15.0,742.5,1.0,0.0,0.0
2018-05-20,2018,05,20,10.5,752.5,0.0,0.0,0.0
2018-05-21,2018,05,21,18.0,757.0,0.0,0.0,0.0
2018-05-22,2018,05,21,19.0,755.0,0.0,0.0,0.0
2018-05-23,2018,05,21,19.5,752.5,0.0,0.0,0.0
2018-05-24,2018,05,21,20.0,752.0,0.0,0.0,0.0
2018-05-25,2018,05,21,16.5,757.0,0.0,0.0,0.0
2018-05-26,2018,05,21,17.5,760.0,0.0,0.0,0.0
2018-05-27,2018,05,21,21.5,753.0,0.0,0.0,0.0
2018-05-28,2018,05,22,16.5,758.5,0.0,0.0,0.0
2018-05-29,2018,05,22,20.5,754.0,0.0,0.0,0.0
2018-05-30,2018,05,22,21.0,744.0,0.0,0.0,0.0
2018-05-31,2018,05,22,9.5,750.0,0.0,0.0,0.0
2018-06-01,2018,06,22,13.0,750.5,0.0,0.0,0.0
2018-06-02,2018,06,22,20.5,743.5,0.0,0.0,0.0
2018-06-03,2018,06,22,22.5,739.0,0.0,0.0,0.0
2018-06-04,2018,06,23,20.5,734.5,1.0,0.0,0.0
2018-06-05,2018,06,23,10.5,734.0,0.0,0.0,0.0
2018-06-06,2018,06,23,12.0,745.5,0.0,0.0,0.0
2018-06-07,2018,06,23,13.0,750.5,0.0,0.0,0.0
2018-06-08,2018,06,23,11.0,744.0,1.0,0.0,0.0
2018-06-09,2018,06,23,11.5,748.0,0.0,0.0,0.0
2018-06-10,2018,06,23,11.5,746.0,0.0,0.0,0.0
2018-06-11,2018,06,24,17.5,743.5,0.0,0.0,0.0
2018-06-12,2018,06,24,17.0,737.0,1.0,0.0,0.0
2018-06-13,2018,06,24,18.0,741.5,0.0,0.0,0.0
2018-06-14,2018,06,24,15.5,749.0,0.0,0.0,0.0
2018-06-15,2018,06,24,19.5,751.0,0.0,0.0,0.0
2018-06-16,2018,06,24,21.0,751.5,0.0,0.0,0.0
2018-06-17,2018,06,24,22.0,750.5,0.0,0.0,0.0
2018-06-18,2018,06,25,24.0,748.0,0.0,0.0,0.0
2018-06-19,2018,06,25,23.0,744.0,0.0,0.0,0.0
2018-06-20,2018,06,25,21.0,743.0,0.0,0.0,0.0
2018-06-21,2018,06,25,21.0,745.0,0.0,0.0,0.0
2018-06-22,2018,06,25,27.5,743.0,0.0,0.0,0.0
2018-06-23,2018,06,25,24.5,743.0,0.0,0.0,0.0
2018-06-24,2018,06,25,22.5,744.0,0.0,0.0,0.0
2018-06-25,2018,06,26,21.0,750.5,0.0,0.0,0.0
2018-06-26,2018,06,26,23.5,754.5,0.0,0.0,0.0
2018-06-27,2018,06,26,25.0,754.5,0.0,0.0,0.0
2018-06-28,2018,06,26,25.0,750.5,0.0,0.0,0.0
2018-06-29,2018,06,26,25.5,742.0,0.0,0.0,0.0
2018-06-30,2018,06,26,25.5,738.0,0.0,0.0,0.0
2018-07-01,2018,07,26,23.0,740.5,0.0,0.0,0.0
2018-07-02,2018,07,27,21.0,746.0,0.0,0.0,0.0
2018-07-03,2018,07,27,18.0,745.5,0.0,0.0,0.0
2018-07-04,2018,07,27,15.5,740.0,1.0,0.0,0.0
2018-07-05,2018,07,27,19.5,740.0,0.0,0.0,0.0
2018-07-06,2018,07,27,21.5,740.0,0.0,0.0,0.0
2018-07-07,2018,07,27,21.0,739.0,0.0,0.0,0.0
2018-07-08,2018,07,27,18.5,739.5,0.0,0.0,0.0
2018-07-09,2018,07,28,18.0,743.5,1.0,0.0,0.0
2018-07-10,2018,07,28,19.5,747.5,0.0,0.0,0.0
2018-07-11,2018,07,28,20.5,748.5,1.0,0.0,0.0
2018-07-12,2018,07,28,24.0,747.0,0.0,0.0,0.0
2018-07-13,2018,07,28,22.5,744.5,0.0,0.0,0.0
2018-07-14,2018,07,28,23.5,743.0,0.0,0.0,0.0
2018-07-15,2018,07,28,25.5,743.5,0.0,0.0,0.0
2018-07-16,2018,07,29,28.0,743.0,0.0,0.0,0.0
2018-07-17,2018,07,29,27.5,741.0,0.0,0.0,0.0
2018-07-18,2018,07,29,21.5,739.0,0.0,0.0,0.0
2018-07-19,2018,07,29,21.5,739.0,0.0,0.0,0.0
2018-07-20,2018,07,29,23.5,740.5,0.0,0.0,0.0
2018-07-21,2018,07,29,23.0,743.0,0.0,0.0,0.0
2018-07-22,2018,07,29,21.0,744.0,1.0,0.0,0.0
2018-07-23,2018,07,30,21.5,745.5,0.0,0.0,0.0
2018-07-24,2018,07,30,19.5,747.5,0.0,0.0,0.0
2018-07-25,2018,07,30,21.0,748.5,0.0,0.0,0.0
2018-07-26,2018,07,30,24.0,751.0,1.0,0.0,0.0
2018-07-27,2018,07,30,26.5,752.0,0.0,0.0,0.0
2018-07-28,2018,07,30,25.0,752.5,0.0,0.0,1.0
2018-07-29,2018,07,30,23.5,753.5,0.0,0.0,0.0
2018-07-30,2018,07,31,22.0,755.0,0.0,0.0,0.0
2018-07-31,2018,07,31,23.5,755.0,0.0,0.0,0.0
2018-08-01,2018,08,31,25.5,754.5,0.0,0.0,0.0
2018-08-02,2018,08,31,25.5,751.5,0.0,0.0,0.0
2018-08-03,2018,08,31,25.5,747.0,0.0,0.0,0.0
2018-08-04,2018,08,31,26.0,743.0,0.0,0.0,0.0
2018-08-05,2018,08,31,22.5,742.0,0.0,0.0,0.0
2018-08-06,2018,08,32,24.0,742.5,0.0,0.0,0.0
2018-08-07,2018,08,32,20.5,744.0,0.0,0.0,0.0
2018-08-08,2018,08,32,20.5,751.0,0.0,0.0,0.0
2018-08-09,2018,08,32,21.5,755.5,0.0,0.0,0.0
2018-08-10,2018,08,32,24.5,755.5,0.0,0.0,0.0
2018-08-11,2018,08,32,25.0,751.5,0.0,0.0,0.0
2018-08-12,2018,08,32,24.5,745.5,0.0,0.0,0.0
2018-08-13,2018,08,33,20.0,745.0,0.0,0.0,0.0
2018-08-14,2018,08,33,20.5,747.0,0.0,0.0,0.0
2018-08-15,2018,08,33,20.5,744.0,1.0,0.0,0.0
2018-08-16,2018,08,33,18.0,750.5,0.0,0.0,0.0
2018-08-17,2018,08,33,20.5,754.5,0.0,0.0,0.0
2018-08-18,2018,08,33,21.0,753.5,0.0,0.0,0.0
2018-08-19,2018,08,33,23.5,749.5,0.0,0.0,0.0
2018-08-20,2018,08,34,21.0,746.5,0.0,0.0,0.0
2018-08-21,2018,08,34,18.5,741.5,1.0,0.0,0.0
2018-08-22,2018,08,34,16.5,749.5,0.0,0.0,0.0
2018-08-23,2018,08,34,17.5,752.0,0.0,0.0,0.0
2018-08-24,2018,08,34,19.5,750.5,0.0,0.0,0.0
2018-08-25,2018,08,34,22.5,748.5,0.0,0.0,0.0
2018-08-26,2018,08,34,23.0,748.5,0.0,0.0,0.0
2018-08-27,2018,08,35,24.0,748.5,0.0,0.0,0.0
2018-08-28,2018,08,35,25.0,749.0,0.0,0.0,0.0
2018-08-29,2018,08,35,27.0,750.0,0.0,0.0,0.0
2018-08-30,2018,08,35,21.0,751.0,0.0,0.0,0.0
2018-08-31,2018,08,35,20.0,752.5,0.0,0.0,0.0
2018-09-01,2018,09,35,20.5,756.0,0.0,0.0,0.0
2018-09-02,2018,09,35,21.0,756.0,0.0,0.0,0.0
2018-09-03,2018,09,36,20.0,755.0,0.0,0.0,0.0
2018-09-04,2018,09,36,21.0,754.0,0.0,0.0,0.0
2018-09-05,2018,09,36,23.0,753.5,0.0,0.0,0.0
2018-09-06,2018,09,36,20.5,752.5,0.0,0.0,0.0
2018-09-07,2018,09,36,19.5,752.0,0.0,0.0,0.0
2018-09-08,2018,09,36,20.5,753.0,0.0,0.0,0.0
2018-09-09,2018,09,36,19.0,752.0,0.0,0.0,0.0
2018-09-10,2018,09,37,17.5,754.5,0.0,0.0,0.0
2018-09-11,2018,09,37,19.0,753.0,0.0,0.0,0.0
2018-09-12,2018,09,37,19.5,747.5,0.0,0.0,0.0
2018-09-13,2018,09,37,17.5,748.5,0.0,0.0,0.0
2018-09-14,2018,09,37,16.5,751.0,0.0,0.0,0.0
2018-09-15,2018,09,37,18.5,749.0,0.0,0.0,0.0
2018-09-16,2018,09,37,14.0,744.5,1.0,0.0,0.0
2018-09-17,2018,09,38,17.0,749.0,0.0,0.0,0.0
2018-09-20,2018,09,38,19.0,748.0,0.0,0.0,0.0
2018-09-21,2018,09,38,20.0,751.0,0.0,0.0,0.0
2018-09-22,2018,09,38,21.0,745.0,0.0,0.0,0.0
2018-09-23,2018,09,38,11.5,743.0,0.0,0.0,0.0
2018-09-24,2018,09,39,10.0,738.5,2.0,0.0,0.0
2018-09-25,2018,09,39,8.0,742.5,1.0,0.0,0.0
2018-09-26,2018,09,39,10.5,750.5,0.0,0.0,0.0
2018-09-27,2018,09,39,10.0,738.5,0.0,0.0,0.0
2018-09-28,2018,09,39,11.0,737.5,1.0,0.0,0.0
2018-09-29,2018,09,39,6.5,750.0,0.0,0.0,0.0
2018-09-30,2018,09,39,10.0,751.5,0.0,0.0,0.0
2018-10-01,2018,10,40,11.0,749.5,0.0,0.0,0.0
2018-10-02,2018,10,40,9.5,744.0,1.0,0.0,0.0
2018-10-03,2018,10,40,9.0,736.5,2.0,0.0,0.0
2018-10-04,2018,10,40,6.5,737.5,1.0,0.0,0.0
2018-10-05,2018,10,40,6.5,751.5,0.0,0.0,0.0
2018-10-06,2018,10,40,12.5,748.5,0.0,0.0,0.0
2018-10-07,2018,10,40,15.5,743.5,0.0,0.0,0.0
2018-10-08,2018,10,41,4.0,753.5,0.0,0.0,0.0
2018-10-09,2018,10,41,7.5,755.5,0.0,0.0,0.0
2018-10-10,2018,10,41,12.5,751.0,0.0,0.0,0.0
2018-10-11,2018,10,41,9.5,759.0,0.0,0.0,0.0
2018-10-12,2018,10,41,13.0,759.5,0.0,0.0,0.0
2018-10-13,2018,10,41,13.0,756.5,0.0,0.0,0.0
2018-10-14,2018,10,41,16.0,755.0,0.0,0.0,0.0
2018-10-15,2018,10,42,14.0,756.5,0.0,0.0,0.0
2018-10-16,2018,10,42,14.5,754.5,0.0,0.0,0.0
2018-10-17,2018,10,42,12.0,755.0,0.0,0.0,0.0
2018-10-18,2018,10,42,16.0,751.5,0.0,0.0,0.0
2018-10-19,2018,10,42,14.5,748.0,0.0,0.0,0.0
2018-10-20,2018,10,42,7.5,752.5,0.0,0.0,0.0
2018-10-21,2018,10,42,7.5,755.5,0.0,0.0,0.0
2018-10-22,2018,10,43,7.0,749.0,0.0,0.0,0.0
2018-10-23,2018,10,43,5.5,736.5,0.0,0.0,0.0
2018-10-24,2018,10,43,5.0,725.5,2.0,0.0,0.0
2018-10-25,2018,10,43,3.5,730.5,0.0,0.0,0.0
2018-10-26,2018,10,43,3.0,737.5,0.0,0.0,0.0
2018-10-27,2018,10,43,4.5,744.0,1.0,0.0,0.0
2018-10-28,2018,10,43,5.5,746.5,1.0,0.0,0.0
2018-10-29,2018,10,44,-0.5,762.0,0.0,0.0,0.0
2018-10-30,2018,10,44,0.5,765.5,0.0,0.0,0.0
2018-10-31,2018,10,44,1.5,764.0,0.0,0.0,0.0
2018-11-01,2018,11,44,5.0,764.0,1.0,0.0,0.0
2018-11-02,2018,11,44,8.5,760.0,0.0,0.0,0.0
2018-11-03,2018,11,44,8.0,754.5,2.0,0.0,0.0
2018-11-04,2018,11,44,6.5,757.0,0.0,0.0,0.0
2018-11-05,2018,11,45,3.0,759.0,0.0,0.0,0.0
2018-11-06,2018,11,45,4.0,758.0,0.0,0.0,0.0
2018-11-07,2018,11,45,4.0,753.5,0.0,0.0,0.0
2018-11-08,2018,11,45,3.0,754.0,1.0,0.0,0.0
2018-11-09,2018,11,45,2.0,755.0,1.0,0.0,0.0
2018-11-10,2018,11,45,2.0,759.5,1.0,0.0,0.0
2018-11-11,2018,11,45,-3.5,769.5,0.0,0.0,0.0
2018-11-12,2018,11,46,-3.0,769.0,0.0,0.0,0.0
2018-11-13,2018,11,46,-1.5,762.5,0.0,0.0,0.0
2018-11-14,2018,11,46,0.5,756.5,0.0,0.0,0.0
2018-11-15,2018,11,46,1.0,764.0,0.0,0.0,0.0
2018-11-16,2018,11,46,-1.0,769.5,0.0,0.0,0.0
2018-11-17,2018,11,46,1.0,758.0,0.0,1.0,0.0
2018-11-18,2018,11,46,1.5,752.5,0.0,0.0,0.0
2018-11-19,2018,11,47,1.0,759.0,0.0,0.0,0.0
2018-11-20,2018,11,47,-3.5,755.0,0.0,0.0,0.0
2018-11-21,2018,11,47,-0.5,752.5,0.0,0.0,0.0
2018-11-22,2018,11,47,0.0,745.0,0.0,1.0,0.0
2018-11-23,2018,11,47,-2.0,752.5,0.0,0.0,0.0
2018-11-24,2018,11,47,-1.5,746.0,0.0,0.0,0.0
2018-11-25,2018,11,47,-1.5,745.5,0.0,0.0,0.0
2018-11-26,2018,11,48,-2.5,743.0,0.0,0.0,0.0
2018-11-27,2018,11,48,-3.5,745.0,0.0,2.0,0.0
2018-11-28,2018,11,48,-9.0,757.5,0.0,0.0,0.0
2018-11-29,2018,11,48,-9.0,766.0,0.0,0.0,0.0
2018-11-30,2018,11,48,-9.5,767.0,0.0,0.0,0.0
2018-12-01,2018,12,48,-8.5,761.0,0.0,0.0,0.0
2018-12-02,2018,12,48,-5.0,750.5,0.0,2.0,0.0
2018-12-03,2018,12,49,-4.5,750.5,0.0,1.0,0.0
2018-12-04,2018,12,49,-3.0,750.0,0.0,0.0,0.0
2018-12-05,2018,12,49,-0.5,750.0,0.0,2.0,0.0
2018-12-06,2018,12,49,-1.0,750.0,0.0,0.0,0.0
2018-12-07,2018,12,49,-3.5,749.0,0.0,0.0,0.0
2018-12-08,2018,12,49,-4.0,746.0,0.0,0.0,0.0
2018-12-09,2018,12,49,-3.5,741.0,0.0,2.0,0.0
2018-12-10,2018,12,50,1.0,742.0,0.0,0.0,0.0
2018-12-11,2018,12,50,1.0,745.0,0.0,1.0,0.0
2018-12-12,2018,12,50,0.5,749.5,0.0,0.0,0.0
2018-12-13,2018,12,50,-1.5,753.0,0.0,2.0,0.0
2018-12-14,2018,12,50,-2.0,757.5,0.0,0.0,0.0
2018-12-15,2018,12,50,-6.5,761.5,0.0,0.0,0.0
2018-12-16,2018,12,50,-12.0,764.0,0.0,0.0,0.0
2018-12-17,2018,12,51,-11.5,763.5,0.0,0.0,0.0
2018-12-18,2018,12,51,-11.5,763.5,0.0,2.0,0.0
2018-12-19,2018,12,51,-6.5,762.5,0.0,2.0,0.0
2018-12-20,2018,12,51,-10.0,760.5,0.0,1.0,0.0
2018-12-21,2018,12,51,-8.0,754.0,0.0,1.0,0.0
2018-12-22,2018,12,51,-7.0,747.0,0.0,2.0,0.0
2018-12-23,2018,12,51,-8.0,743.5,0.0,2.0,0.0
2018-12-24,2018,12,52,-9.0,742.0,0.0,2.0,0.0
2018-12-25,2018,12,52,-9.0,746.0,0.0,0.0,0.0
2018-12-26,2018,12,52,-6.5,736.0,0.0,1.0,0.0
2018-12-27,2018,12,52,-7.5,743.5,0.0,1.0,0.0
2018-12-28,2018,12,52,-5.0,746.0,0.0,0.0,0.0
2018-12-29,2018,12,52,-6.5,751.5,0.0,0.0,0.0
2018-12-30,2018,12,52,-2.0,750.0,0.0,0.0,0.0
2018-12-31,2018,12,1,-3.5,754.0,0.0,1.0,0.0
2019-01-01,2019,01,1,-3.0,743.0,0.0,0.0,0.0
2019-01-02,2019,01,1,-3.0,741.0,0.0,2.0,0.0
2019-01-03,2019,01,1,-2.5,746.0,0.0,2.0,0.0
2019-01-04,2019,01,1,-4.5,745.0,0.0,1.0,0.0
2019-01-05,2019,01,1,-6.0,744.0,0.0,0.0,0.0
2019-01-06,2019,01,1,-9.0,753.0,0.0,1.0,0.0
2019-01-07,2019,01,2,-10.5,751.5,0.0,1.0,0.0
2019-01-08,2019,01,2,-7.5,745.0,0.0,1.0,0.0
2019-01-09,2019,01,2,-10.5,749.5,0.0,0.0,0.0
2019-01-10,2019,01,2,-6.5,751.0,0.0,0.0,0.0
2019-01-11,2019,01,2,-10.0,742.0,0.0,1.0,0.0
2019-01-12,2019,01,2,-9.0,731.0,0.0,1.0,0.0
2019-01-13,2019,01,2,-3.0,732.0,0.0,0.0,0.0
2019-01-14,2019,01,3,-1.5,728.0,0.0,1.0,0.0
2019-01-15,2019,01,3,-2.0,729.5,0.0,0.0,0.0
2019-01-16,2019,01,3,-5.5,734.5,0.0,0.0,0.0
2019-01-17,2019,01,3,-3.0,733.5,0.0,1.0,0.0
2019-01-18,2019,01,3,1.5,735.0,0.0,1.0,0.0
2019-01-19,2019,01,3,-5.5,743.5,0.0,0.0,0.0
2019-01-20,2019,01,3,-3.5,742.5,0.0,1.0,0.0
2019-01-21,2019,01,4,-9.5,742.5,0.0,1.0,0.0
2019-01-22,2019,01,4,-14.0,749.5,0.0,0.0,0.0
2019-01-23,2019,01,4,-11.5,751.5,0.0,1.0,0.0
2019-01-24,2019,01,4,-11.0,747.0,0.0,1.0,0.0
2019-01-25,2019,01,4,-12.0,756.5,0.0,0.0,0.0
2019-01-26,2019,01,4,-10.5,744.5,0.0,2.0,0.0
2019-01-27,2019,01,4,-8.5,740.0,0.0,2.0,0.0
2019-01-28,2019,01,5,-7.0,746.0,0.0,0.0,0.0
2019-01-29,2019,01,5,-2.5,746.0,0.0,0.0,0.0
2019-01-30,2019,01,5,-2.0,747.0,0.0,1.0,0.0
2019-01-31,2019,01,5,0.5,747.5,0.0,0.0,0.0
2019-02-01,2019,02,5,-3.0,749.0,0.0,1.0,0.0
2019-02-02,2019,02,5,-4.0,752.0,0.0,1.0,0.0
2019-02-03,2019,02,5,0.5,750.0,0.0,0.0,0.0
2019-02-04,2019,02,6,3.0,749.5,1.0,0.0,0.0
2019-02-05,2019,02,6,-1.5,758.0,0.0,0.0,0.0
2019-02-06,2019,02,6,-1.5,750.0,0.0,0.0,0.0
2019-02-07,2019,02,6,-1.5,751.5,0.0,0.0,0.0
2019-02-08,2019,02,6,1.5,751.5,0.0,0.0,0.0
2019-02-09,2019,02,6,-1.5,750.0,0.0,0.0,0.0
2019-02-10,2019,02,6,-4.0,747.5,0.0,0.0,0.0
2019-02-11,2019,02,7,-0.5,746.5,0.0,0.0,0.0
2019-02-12,2019,02,7,1.0,743.5,1.0,1.0,0.0
2019-02-13,2019,02,7,-1.5,743.0,0.0,1.0,0.0
2019-02-14,2019,02,7,-1.0,753.0,0.0,0.0,0.0
2019-02-15,2019,02,7,2.5,745.0,0.0,0.0,0.0
2019-02-16,2019,02,7,3.0,744.5,0.0,0.0,0.0
2019-02-17,2019,02,7,2.5,735.5,0.0,0.0,0.0
2019-02-18,2019,02,8,-2.5,750.5,0.0,0.0,0.0
2019-02-19,2019,02,8,0.5,744.5,0.0,0.0,0.0
2019-02-20,2019,02,8,2.5,734.5,0.0,0.0,0.0
2019-02-21,2019,02,8,-5.0,737.0,0.0,1.0,0.0
2019-02-22,2019,02,8,-8.0,752.0,0.0,0.0,0.0
2019-02-23,2019,02,8,-5.0,756.5,0.0,1.0,0.0
2019-02-24,2019,02,8,0.5,750.5,0.0,0.0,0.0
2019-02-25,2019,02,9,2.0,739.5,1.0,0.0,0.0
2019-02-26,2019,02,9,1.5,741.0,0.0,1.0,0.0
2019-02-27,2019,02,9,-2.0,741.0,0.0,0.0,0.0
2019-02-28,2019,02,9,2.0,723.5,0.0,0.0,0.0
2019-03-01,2019,03,9,-2.0,730.0,0.0,2.0,0.0
2019-03-02,2019,03,9,-5.5,740.0,0.0,0.0,0.0
2019-03-03,2019,03,9,-2.5,733.5,0.0,0.0,0.0
2019-03-04,2019,03,10,0.0,731.5,0.0,2.0,0.0
2019-03-05,2019,03,10,4.0,726.0,1.0,0.0,0.0
2019-03-06,2019,03,10,-5.5,744.5,0.0,0.0,0.0
2019-03-07,2019,03,10,-1.0,750.5,0.0,0.0,0.0
2019-03-08,2019,03,10,3.0,741.0,0.0,0.0,0.0
2019-03-09,2019,03,10,4.5,740.0,0.0,0.0,0.0
2019-03-10,2019,03,10,4.0,733.5,0.0,0.0,0.0
2019-03-11,2019,03,11,3.0,731.5,0.0,0.0,0.0
2019-03-12,2019,03,11,-1.0,739.5,0.0,0.0,0.0
2019-03-13,2019,03,11,-3.5,745.0,0.0,0.0,0.0
2019-03-14,2019,03,11,1.5,747.5,0.0,0.0,0.0
2019-03-15,2019,03,11,2.5,745.5,0.0,0.0,0.0
2019-03-16,2019,03,11,0.0,740.0,0.0,0.0,0.0
2019-03-17,2019,03,11,1.5,747.0,0.0,0.0,0.0
2019-03-18,2019,03,12,4.5,750.0,0.0,0.0,0.0
2019-03-19,2019,03,12,3.5,751.0,0.0,0.0,0.0
2019-03-20,2019,03,12,3.5,753.0,0.0,0.0,0.0
2019-03-21,2019,03,12,2.5,750.0,0.0,0.0,0.0
2019-03-22,2019,03,12,1.5,742.5,1.0,1.0,0.0
2019-03-23,2019,03,12,3.0,752.0,0.0,0.0,0.0
2019-03-24,2019,03,12,1.0,741.5,0.0,2.0,0.0
2019-03-25,2019,03,13,4.5,740.0,0.0,0.0,0.0
2019-03-26,2019,03,13,4.5,739.5,0.0,0.0,0.0
2019-03-27,2019,03,13,0.5,747.5,0.0,0.0,0.0
2019-03-28,2019,03,13,2.5,752.0,0.0,0.0,0.0
2019-03-29,2019,03,13,3.0,746.0,0.0,0.0,0.0
2019-03-30,2019,03,13,6.5,744.0,0.0,0.0,0.0
2019-03-31,2019,03,13,13.5,740.0,0.0,0.0,0.0
2019-04-01,2019,04,14,2.5,750.5,0.0,0.0,0.0
2019-04-02,2019,04,14,4.5,757.0,0.0,0.0,0.0
2019-04-03,2019,04,14,7.0,755.0,0.0,0.0,0.0
2019-04-04,2019,04,14,8.0,752.5,0.0,0.0,0.0
2019-04-05,2019,04,14,7.0,753.0,0.0,0.0,0.0
2019-04-06,2019,04,14,5.5,755.0,0.0,0.0,0.0
2019-04-07,2019,04,14,6.0,751.5,0.0,0.0,0.0
2019-04-08,2019,04,15,9.5,746.0,0.0,0.0,0.0
2019-04-09,2019,04,15,15.0,744.0,0.0,0.0,0.0
2019-04-10,2019,04,15,9.5,746.5,0.0,0.0,0.0
2019-04-11,2019,04,15,9.5,749.5,0.0,0.0,0.0
2019-04-12,2019,04,15,5.5,752.0,1.0,0.0,0.0
2019-04-13,2019,04,15,6.5,753.5,0.0,0.0,0.0
2019-04-14,2019,04,15,2.0,755.0,0.0,2.0,0.0
2019-04-15,2019,04,16,10.5,756.0,0.0,0.0,0.0
2019-04-16,2019,04,16,10.5,756.0,0.0,0.0,0.0
2019-04-17,2019,04,16,9.5,760.0,0.0,0.0,0.0
2019-04-18,2019,04,16,9.5,757.0,0.0,0.0,0.0
2019-04-19,2019,04,16,9.5,757.5,0.0,0.0,0.0
2019-04-20,2019,04,16,11.0,754.5,0.0,0.0,0.0
2019-04-21,2019,04,16,13.5,756.0,0.0,0.0,0.0
2019-04-22,2019,04,17,15.0,756.5,0.0,0.0,0.0
2019-04-23,2019,04,17,16.0,756.0,0.0,0.0,0.0
2019-04-24,2019,04,17,19.0,755.5,0.0,0.0,0.0
2019-04-25,2019,04,17,21.0,752.5,0.0,0.0,0.0
2019-04-26,2019,04,17,20.5,750.0,0.0,0.0,0.0
2019-04-27,2019,04,17,19.0,742.0,0.0,0.0,0.0
2019-04-28,2019,04,17,9.5,750.0,0.0,0.0,0.0
2019-04-29,2019,04,18,9.0,752.0,0.0,0.0,0.0
2019-04-30,2019,04,18,10.5,749.5,0.0,0.0,0.0
2019-05-01,2019,05,18,14.5,743.5,0.0,0.0,0.0
2019-05-02,2019,05,18,9.0,733.0,0.0,0.0,0.0
2019-05-03,2019,05,18,12.0,736.0,1.0,0.0,0.0
2019-05-04,2019,05,18,12.0,745.0,0.0,0.0,0.0
2019-05-05,2019,05,18,17.5,746.0,0.0,0.0,0.0
2019-05-06,2019,05,19,19.0,744.5,0.0,0.0,0.0
2019-05-07,2019,05,19,21.0,742.0,0.0,0.0,0.0
2019-05-08,2019,05,19,17.0,745.0,1.0,0.0,0.0
2019-05-09,2019,05,19,18.5,746.0,0.0,0.0,0.0
2019-05-10,2019,05,19,21.0,745.5,0.0,0.0,0.0
2019-05-11,2019,05,19,17.0,747.5,0.0,0.0,0.0
2019-05-12,2019,05,19,19.5,755.0,0.0,0.0,0.0
2019-05-13,2019,05,20,19.5,752.5,0.0,0.0,0.0
2019-05-14,2019,05,20,17.5,750.5,0.0,0.0,0.0
2019-05-15,2019,05,20,17.5,750.5,1.0,0.0,0.0
2019-05-16,2019,05,20,15.5,754.5,0.0,0.0,0.0
2019-05-17,2019,05,20,15.5,753.0,0.0,0.0,0.0
2019-05-18,2019,05,20,17.5,749.5,0.0,0.0,0.0
2019-05-19,2019,05,20,19.0,750.0,0.0,0.0,0.0
2019-05-20,2019,05,21,19.0,752.0,0.0,0.0,0.0
2019-05-21,2019,05,21,22.5,748.0,0.0,0.0,0.0
2019-05-22,2019,05,21,23.0,742.5,0.0,0.0,0.0
2019-05-23,2019,05,21,17.5,740.5,0.0,0.0,1.0
2019-05-24,2019,05,21,15.0,746.0,0.0,0.0,0.0
2019-05-25,2019,05,21,18.0,742.0,0.0,0.0,0.0
2019-05-26,2019,05,21,20.5,740.0,0.0,0.0,0.0
2019-05-27,2019,05,22,19.0,744.0,0.0,0.0,0.0
2019-05-28,2019,05,22,25.5,747.0,0.0,0.0,0.0
2019-05-29,2019,05,22,26.5,748.5,0.0,0.0,0.0
2019-05-30,2019,05,22,23.5,750.0,0.0,0.0,0.0
2019-05-31,2019,05,22,21.0,748.5,0.0,0.0,0.0
2019-06-01,2019,06,22,19.5,749.0,0.0,0.0,0.0
2019-06-02,2019,06,22,23.5,746.5,0.0,0.0,0.0
2019-06-03,2019,06,23,18.5,751.5,0.0,0.0,0.0
2019-06-04,2019,06,23,21.0,754.5,0.0,0.0,0.0
2019-06-05,2019,06,23,23.5,753.5,0.0,0.0,0.0
2019-06-06,2019,06,23,26.0,753.5,0.0,0.0,0.0
2019-06-07,2019,06,23,27.5,753.5,0.0,0.0,0.0
2019-06-08,2019,06,23,27.5,753.5,0.0,0.0,0.0
2019-06-09,2019,06,23,27.5,752.5,0.0,0.0,0.0
2019-06-10,2019,06,24,25.0,752.0,0.0,0.0,0.0
2019-06-11,2019,06,24,25.5,752.0,0.0,0.0,0.0
2019-06-12,2019,06,24,20.0,751.5,0.0,0.0,0.0
2019-06-13,2019,06,24,18.0,755.5,0.0,0.0,0.0
2019-06-14,2019,06,24,18.0,748.0,0.0,0.0,1.0
2019-06-15,2019,06,24,18.0,747.0,0.0,0.0,0.0
2019-06-16,2019,06,24,19.5,748.0,0.0,0.0,0.0
2019-06-17,2019,06,25,24.0,746.0,0.0,0.0,0.0
2019-06-18,2019,06,25,23.5,746.0,0.0,0.0,0.0
2019-06-19,2019,06,25,25.0,748.5,0.0,0.0,0.0
2019-06-20,2019,06,25,26.5,749.0,0.0,0.0,0.0
2019-06-21,2019,06,25,27.0,748.5,0.0,0.0,0.0
2019-06-22,2019,06,25,27.5,748.5,0.0,0.0,0.0
2019-06-23,2019,06,25,22.5,752.0,0.0,0.0,0.0
2019-06-24,2019,06,26,23.5,753.5,0.0,0.0,0.0
2019-06-25,2019,06,26,21.0,756.5,0.0,0.0,0.0
2019-06-26,2019,06,26,17.0,750.5,1.0,0.0,0.0
2019-06-27,2019,06,26,14.5,736.5,1.0,0.0,0.0
2019-06-28,2019,06,26,11.5,731.5,2.0,0.0,0.0
2019-06-29,2019,06,26,11.0,738.5,1.0,0.0,0.0
2019-06-30,2019,06,26,16.0,742.0,1.0,0.0,0.0
2019-07-01,2019,07,27,24.0,737.5,0.0,0.0,0.0
2019-07-02,2019,07,27,17.5,739.5,0.0,0.0,0.0
2019-07-03,2019,07,27,16.0,740.0,0.0,0.0,0.0
2019-07-04,2019,07,27,15.5,743.0,0.0,0.0,0.0
2019-07-05,2019,07,27,18.0,740.5,0.0,0.0,0.0
2019-07-06,2019,07,27,16.5,735.5,0.0,0.0,0.0
2019-07-07,2019,07,27,17.5,737.5,0.0,0.0,0.0
2019-07-08,2019,07,28,20.0,738.0,0.0,0.0,0.0
2019-07-09,2019,07,28,19.5,736.0,0.0,0.0,0.0
2019-07-10,2019,07,28,17.0,735.5,1.0,0.0,0.0
2019-07-11,2019,07,28,15.0,739.0,0.0,0.0,0.0
2019-07-12,2019,07,28,14.0,742.5,0.0,0.0,0.0
2019-07-13,2019,07,28,17.0,743.5,0.0,0.0,0.0
2019-07-14,2019,07,28,17.0,745.0,0.0,0.0,0.0
2019-07-15,2019,07,29,17.5,745.0,0.0,0.0,0.0
2019-07-16,2019,07,29,18.0,743.5,0.0,0.0,0.0
2019-07-17,2019,07,29,17.5,741.5,0.0,0.0,0.0
2019-07-18,2019,07,29,16.0,740.0,1.0,0.0,0.0
2019-07-19,2019,07,29,18.0,741.0,0.0,0.0,0.0
2019-07-20,2019,07,29,20.0,745.5,0.0,0.0,1.0
2019-07-21,2019,07,29,20.5,749.0,0.0,0.0,0.0
2019-07-22,2019,07,30,23.0,747.5,0.0,0.0,0.0
2019-07-23,2019,07,30,18.5,745.0,0.0,0.0,0.0
2019-07-24,2019,07,30,18.0,745.5,0.0,0.0,1.0
2019-07-25,2019,07,30,19.5,748.5,1.0,0.0,0.0
2019-07-26,2019,07,30,26.0,749.0,0.0,0.0,0.0
2019-07-27,2019,07,30,27.0,745.0,0.0,0.0,0.0
2019-07-28,2019,07,30,23.5,740.5,0.0,0.0,0.0
2019-07-29,2019,07,31,14.0,742.0,0.0,0.0,0.0
2019-07-30,2019,07,31,14.5,739.0,0.0,0.0,0.0
2019-07-31,2019,07,31,13.0,738.5,0.0,0.0,0.0
2019-08-01,2019,08,31,14.0,743.0,0.0,0.0,0.0
2019-08-02,2019,08,31,15.0,740.5,0.0,0.0,0.0
2019-08-03,2019,08,31,14.5,739.0,0.0,0.0,0.0
2019-08-04,2019,08,31,12.0,740.0,0.0,0.0,0.0
2019-08-05,2019,08,32,12.0,737.0,1.0,0.0,0.0
2019-08-06,2019,08,32,16.0,741.0,0.0,0.0,0.0
2019-08-07,2019,08,32,18.5,743.5,0.0,0.0,0.0
2019-08-08,2019,08,32,24.0,740.5,0.0,0.0,0.0
2019-08-09,2019,08,32,15.0,736.5,2.0,0.0,0.0
2019-08-10,2019,08,32,14.5,743.5,0.0,0.0,0.0
2019-08-11,2019,08,32,16.0,747.5,0.0,0.0,0.0
2019-08-12,2019,08,33,18.5,749.5,0.0,0.0,0.0
2019-08-13,2019,08,33,22.0,745.0,0.0,0.0,0.0
2019-08-14,2019,08,33,21.5,746.5,0.0,0.0,0.0
2019-08-15,2019,08,33,19.0,746.5,0.0,0.0,0.0
2019-08-16,2019,08,33,18.0,747.5,0.0,0.0,0.0
2019-08-17,2019,08,33,16.5,746.5,0.0,0.0,0.0
2019-08-18,2019,08,33,20.0,744.0,0.0,0.0,0.0
2019-08-19,2019,08,34,19.0,751.0,0.0,0.0,0.0
2019-08-20,2019,08,34,25.0,753.0,0.0,0.0,0.0
2019-08-21,2019,08,34,22.5,754.5,0.0,0.0,0.0
2019-08-22,2019,08,34,18.5,754.5,0.0,0.0,0.0
2019-08-23,2019,08,34,18.5,757.5,0.0,0.0,0.0
2019-08-24,2019,08,34,21.5,753.0,0.0,0.0,0.0
2019-08-25,2019,08,34,17.0,757.5,0.0,0.0,0.0
2019-08-26,2019,08,35,19.5,755.0,0.0,0.0,0.0
2019-08-27,2019,08,35,19.0,752.5,0.0,0.0,0.0
2019-08-28,2019,08,35,14.5,757.5,0.0,0.0,0.0
2019-08-29,2019,08,35,19.5,754.5,0.0,0.0,0.0
2019-08-30,2019,08,35,21.5,752.0,0.0,0.0,0.0
2019-08-31,2019,08,35,20.0,752.0,0.0,0.0,0.0
2019-09-01,2019,09,35,20.5,749.0,0.0,0.0,0.0
2019-09-02,2019,09,36,20.5,749.0,0.0,0.0,0.0
2019-09-03,2019,09,36,20.5,749.0,0.0,0.0,0.0
2019-09-04,2019,09,36,20.5,746.5,1.0,0.0,0.0
2019-09-05,2019,09,36,15.5,749.5,0.0,0.0,0.0
2019-09-06,2019,09,36,20.5,750.0,0.0,0.0,0.0
2019-09-07,2019,09,36,20.0,754.5,0.0,0.0,0.0
2019-09-08,2019,09,36,19.0,758.0,0.0,0.0,0.0
2019-09-09,2019,09,37,19.5,757.5,0.0,0.0,0.0
2019-09-10,2019,09,37,21.0,757.5,0.0,0.0,0.0
2019-09-11,2019,09,37,22.5,758.0,0.0,0.0,0.0
2019-09-12,2019,09,37,22.0,755.0,0.0,0.0,0.0
2019-09-13,2019,09,37,19.5,749.0,0.0,0.0,0.0
2019-09-14,2019,09,37,13.5,748.0,0.0,0.0,0.0
2019-09-15,2019,09,37,10.5,744.0,1.0,0.0,0.0
2019-09-16,2019,09,38,13.5,734.0,0.0,0.0,0.0
2019-09-17,2019,09,38,10.0,734.5,0.0,0.0,0.0
2019-09-18,2019,09,38,11.0,734.5,0.0,0.0,0.0
2019-09-19,2019,09,38,9.5,744.5,0.0,0.0,0.0
2019-09-20,2019,09,38,5.5,746.0,1.0,0.0,0.0
2019-09-21,2019,09,38,8.0,744.5,0.0,0.0,0.0
2019-09-22,2019,09,38,5.0,738.5,1.0,0.0,0.0
2019-09-23,2019,09,39,6.5,747.5,0.0,0.0,0.0
2019-09-24,2019,09,39,5.0,749.0,0.0,0.0,0.0
2019-09-25,2019,09,39,5.5,750.0,1.0,0.0,0.0
2019-09-26,2019,09,39,8.5,748.5,0.0,0.0,0.0
2019-09-27,2019,09,39,9.5,748.0,0.0,0.0,0.0
2019-09-28,2019,09,39,10.0,749.5,0.0,0.0,0.0
2019-09-29,2019,09,39,9.0,742.0,2.0,0.0,0.0
2019-09-30,2019,09,40,13.5,735.5,2.0,0.0,0.0
2019-10-01,2019,10,40,12.5,734.5,0.0,0.0,0.0
2019-10-02,2019,10,40,15.5,740.5,0.0,0.0,0.0
2019-10-03,2019,10,40,18.5,741.0,0.0,0.0,0.0
2019-10-04,2019,10,40,9.0,742.0,0.0,0.0,0.0
2019-10-05,2019,10,40,8.5,746.0,0.0,0.0,0.0
2019-10-06,2019,10,40,1.5,742.0,2.0,0.0,0.0
2019-10-07,2019,10,41,3.0,743.0,1.0,0.0,0.0
2019-10-08,2019,10,41,4.5,746.5,0.0,0.0,0.0
2019-10-09,2019,10,41,4.5,743.0,1.0,0.0,0.0
2019-10-10,2019,10,41,8.0,739.5,2.0,0.0,0.0
2019-10-11,2019,10,41,10.0,744.0,1.0,0.0,0.0
2019-10-12,2019,10,41,11.0,740.0,1.0,0.0,0.0
2019-10-13,2019,10,41,11.0,744.5,0.0,0.0,0.0
2019-10-14,2019,10,42,14.0,743.5,0.0,0.0,0.0
2019-10-15,2019,10,42,5.0,754.0,0.0,0.0,0.0
2019-10-16,2019,10,42,8.0,753.5,0.0,0.0,0.0
2019-10-17,2019,10,42,17.0,746.0,0.0,0.0,0.0
2019-10-18,2019,10,42,14.0,749.5,0.0,0.0,0.0
2019-10-19,2019,10,42,15.0,751.5,0.0,0.0,0.0
2019-10-20,2019,10,42,16.0,752.0,0.0,0.0,0.0
2019-10-21,2019,10,43,13.5,750.0,0.0,0.0,0.0
2019-10-22,2019,10,43,9.5,752.0,0.0,0.0,0.0
2019-10-23,2019,10,43,12.5,748.5,0.0,0.0,0.0
2019-10-24,2019,10,43,10.5,752.0,0.0,0.0,0.0
2019-10-25,2019,10,43,10.5,751.5,0.0,0.0,0.0
2019-10-26,2019,10,43,12.0,745.0,0.0,0.0,0.0
2019-10-27,2019,10,43,12.5,736.0,1.0,0.0,0.0
2019-10-28,2019,10,44,5.5,743.5,0.0,0.0,0.0
2019-10-29,2019,10,44,4.5,742.5,1.0,0.0,0.0
2019-10-30,2019,10,44,-1.5,747.5,0.0,1.0,0.0
2019-10-31,2019,10,44,-2.5,752.0,0.0,0.0,0.0
2019-11-01,2019,11,44,0.0,746.0,0.0,2.0,0.0
2019-11-02,2019,11,44,3.5,749.0,0.0,0.0,0.0
2019-11-03,2019,11,44,2.5,743.0,2.0,0.0,0.0
2019-11-04,2019,11,45,8.5,739.5,0.0,0.0,0.0
2019-11-05,2019,11,45,11.5,732.5,0.0,0.0,0.0
2019-11-06,2019,11,45,9.5,735.0,2.0,0.0,0.0
2019-11-07,2019,11,45,4.5,745.0,0.0,0.0,0.0
2019-11-08,2019,11,45,4.0,753.5,0.0,0.0,0.0
2019-11-09,2019,11,45,3.0,755.0,1.0,0.0,0.0
2019-11-10,2019,11,45,9.0,751.5,0.0,0.0,0.0
2019-11-11,2019,11,46,8.0,745.5,0.0,0.0,0.0
2019-11-12,2019,11,46,3.0,754.5,0.0,0.0,0.0
2019-11-13,2019,11,46,4.5,758.0,0.0,0.0,0.0
2019-11-14,2019,11,46,6.0,757.5,0.0,0.0,0.0
2019-11-15,2019,11,46,3.5,758.0,0.0,0.0,0.0
2019-11-16,2019,11,46,4.0,756.0,0.0,0.0,0.0
2019-11-17,2019,11,46,6.5,758.0,0.0,0.0,0.0
2019-11-18,2019,11,47,3.5,758.0,0.0,0.0,0.0
2019-11-19,2019,11,47,3.5,760.5,0.0,0.0,0.0
2019-11-20,2019,11,47,-1.0,768.5,0.0,0.0,0.0
2019-11-21,2019,11,47,-6.0,771.0,0.0,0.0,0.0
2019-11-22,2019,11,47,-4.0,769.5,0.0,0.0,0.0
2019-11-23,2019,11,47,-4.5,766.0,0.0,0.0,0.0
2019-11-24,2019,11,47,-4.5,762.0,0.0,0.0,0.0
2019-11-25,2019,11,48,-3.0,758.0,0.0,0.0,0.0
2019-11-26,2019,11,48,-2.0,752.5,0.0,1.0,0.0
2019-11-27,2019,11,48,-1.0,749.0,0.0,0.0,0.0
2019-11-28,2019,11,48,0.0,746.0,0.0,0.0,0.0
2019-11-29,2019,11,48,2.5,740.0,1.0,0.0,0.0
2019-11-30,2019,11,48,2.5,736.5,0.0,0.0,0.0
2019-12-01,2019,12,48,-2.5,746.0,0.0,1.0,0.0
2019-12-02,2019,12,49,-2.5,745.5,0.0,0.0,0.0
2019-12-03,2019,12,49,-2.5,744.0,0.0,0.0,0.0
2019-12-04,2019,12,49,-1.0,741.5,0.0,2.0,0.0
2019-12-05,2019,12,49,2.5,742.5,1.0,0.0,0.0
2019-12-06,2019,12,49,2.0,739.0,0.0,0.0,0.0
2019-12-07,2019,12,49,0.5,739.5,1.0,0.0,0.0
2019-12-08,2019,12,49,2.5,738.5,0.0,0.0,0.0
2019-12-09,2019,12,50,4.0,739.5,0.0,0.0,0.0
2019-12-10,2019,12,50,3.0,746.0,0.0,0.0,0.0
2019-12-11,2019,12,50,0.5,753.5,0.0,0.0,0.0
2019-12-12,2019,12,50,3.0,752.5,1.0,0.0,0.0
2019-12-13,2019,12,50,0.5,749.0,0.0,1.0,0.0
2019-12-14,2019,12,50,-1.0,747.5,0.0,0.0,0.0
2019-12-15,2019,12,50,1.5,742.0,1.0,0.0,0.0
2019-12-16,2019,12,51,3.0,741.5,0.0,0.0,0.0
2019-12-17,2019,12,51,2.0,745.5,1.0,0.0,0.0
2019-12-18,2019,12,51,4.5,741.0,0.0,0.0,0.0
2019-12-19,2019,12,51,3.5,744.0,0.0,0.0,0.0
2019-12-20,2019,12,51,1.5,750.5,0.0,0.0,0.0
2019-12-21,2019,12,51,2.5,742.5,0.0,0.0,0.0
2019-12-22,2019,12,51,3.0,740.0,1.0,0.0,0.0
2019-12-23,2019,12,52,6.0,740.5,0.0,0.0,0.0
2019-12-24,2019,12,52,2.5,744.0,0.0,0.0,0.0
2019-12-25,2019,12,52,0.5,744.5,0.0,0.0,0.0
2019-12-26,2019,12,52,-0.5,744.0,0.0,0.0,0.0
2019-12-27,2019,12,52,-0.5,745.0,0.0,1.0,0.0
2019-12-28,2019,12,52,-0.5,754.0,0.0,1.0,0.0
2019-12-29,2019,12,52,-4.0,758.5,0.0,0.0,0.0
2019-12-30,2019,12,1,-2.0,741.0,0.0,1.0,0.0
2019-12-31,2019,12,1,1.5,731.0,1.0,0.0,0.0
2020-01-01,2020,01,1,-2.0,745.0,0.0,0.0,0.0
2020-01-02,2020,01,1,1.0,743.0,0.0,1.0,0.0
2020-01-03,2020,01,1,1.0,742.5,0.0,0.0,0.0
2020-01-04,2020,01,1,-0.5,735.0,0.0,1.0,0.0
2020-01-05,2020,01,1,0.5,747.0,0.0,0.0,0.0
2020-01-06,2020,01,2,-1.5,755.0,0.0,0.0,0.0
2020-01-07,2020,01,2,-1.0,754.5,0.0,1.0,0.0
2020-01-08,2020,01,2,1.0,750.0,0.0,0.0,0.0
2020-01-09,2020,01,2,2.0,745.0,0.0,0.0,0.0
2020-01-10,2020,01,2,1.0,746.5,0.0,0.0,0.0
2020-01-11,2020,01,2,-1.0,748.0,0.0,1.0,0.0
2020-01-12,2020,01,2,-0.5,743.0,0.0,0.0,0.0
2020-01-13,2020,01,3,2.0,743.5,0.0,0.0,0.0
2020-01-14,2020,01,3,0.0,751.0,0.0,0.0,0.0
2020-01-15,2020,01,3,3.0,749.5,0.0,0.0,0.0
2020-01-16,2020,01,3,3.0,748.5,0.0,0.0,0.0
2020-01-17,2020,01,3,3.5,755.0,0.0,0.0,0.0
2020-01-18,2020,01,3,0.5,754.0,0.0,0.0,0.0
2020-01-19,2020,01,3,0.0,755.5,0.0,1.0,0.0
2020-01-20,2020,01,4,2.5,753.0,0.0,0.0,0.0
2020-01-21,2020,01,4,3.0,738.0,1.0,0.0,0.0
2020-01-22,2020,01,4,-0.5,733.0,0.0,1.0,0.0
2020-01-23,2020,01,4,-4.5,743.0,0.0,0.0,0.0
2020-01-24,2020,01,4,0.5,736.0,0.0,1.0,0.0
2020-01-25,2020,01,4,1.0,733.5,0.0,1.0,0.0
2020-01-26,2020,01,4,-0.5,741.5,0.0,0.0,0.0
2020-01-27,2020,01,5,-2.5,747.5,0.0,0.0,0.0
2020-01-28,2020,01,5,-3.5,743.5,0.0,1.0,0.0
2020-01-29,2020,01,5,1.0,742.0,0.0,0.0,0.0
2020-01-30,2020,01,5,-1.0,735.0,0.0,0.0,0.0
2020-01-31,2020,01,5,0.5,736.5,0.0,1.0,0.0
2020-02-01,2020,02,5,0.5,739.5,0.0,0.0,0.0
2020-02-02,2020,02,5,1.0,726.5,1.0,0.0,0.0
2020-02-03,2020,02,6,1.0,725.0,0.0,0.0,0.0
2020-02-04,2020,02,6,-2.0,730.0,0.0,0.0,0.0
2020-02-05,2020,02,6,-5.0,744.0,0.0,0.0,0.0
2020-02-06,2020,02,6,-4.0,735.0,0.0,1.0,0.0
2020-02-07,2020,02,6,-9.5,746.0,0.0,0.0,0.0
2020-02-08,2020,02,6,-9.0,752.5,0.0,0.0,0.0
2020-02-09,2020,02,6,-1.0,749.5,0.0,0.0,0.0
2020-02-10,2020,02,7,1.0,735.5,0.0,0.0,0.0
2020-02-11,2020,02,7,1.0,730.5,0.0,2.0,0.0
2020-02-12,2020,02,7,-0.5,736.0,0.0,1.0,0.0
2020-02-13,2020,02,7,-1.5,742.0,0.0,0.0,0.0
2020-02-14,2020,02,7,0.0,749.0,0.0,0.0,0.0
2020-02-15,2020,02,7,0.0,756.5,0.0,0.0,0.0
2020-02-16,2020,02,7,1.0,752.5,0.0,0.0,0.0
2020-02-17,2020,02,8,5.0,742.0,0.0,0.0,0.0
2020-02-18,2020,02,8,5.0,743.0,0.0,0.0,0.0
2020-02-19,2020,02,8,3.5,743.5,0.0,0.0,0.0
2020-02-20,2020,02,8,4.5,750.0,0.0,0.0,0.0
2020-02-21,2020,02,8,5.0,752.0,0.0,0.0,0.0
2020-02-22,2020,02,8,5.0,749.5,0.0,0.0,0.0
2020-02-23,2020,02,8,2.0,732.0,1.0,0.0,0.0
2020-02-24,2020,02,9,3.5,733.0,0.0,0.0,0.0
2020-02-25,2020,02,9,0.0,736.5,0.0,0.0,0.0
2020-02-26,2020,02,9,1.5,733.0,0.0,1.0,0.0
2020-02-27,2020,02,9,2.0,731.5,1.0,0.0,0.0
2020-02-28,2020,02,9,2.0,735.0,0.0,0.0,0.0
2020-02-29,2020,02,9,-0.5,741.0,0.0,0.0,0.0
2020-03-01,2020,03,9,5.0,742.5,0.0,0.0,0.0
2020-03-02,2020,03,10,4.0,744.5,0.0,0.0,0.0
2020-03-03,2020,03,10,4.5,744.5,0.0,0.0,0.0
2020-03-04,2020,03,10,5.5,750.5,0.0,0.0,0.0
2020-03-05,2020,03,10,6.5,747.0,0.0,0.0,0.0
2020-03-06,2020,03,10,5.5,744.0,0.0,0.0,0.0
2020-03-07,2020,03,10,9.5,745.5,0.0,0.0,0.0
2020-03-08,2020,03,10,4.5,749.0,0.0,0.0,0.0
2020-03-09,2020,03,11,10.0,750.5,0.0,0.0,0.0
2020-03-10,2020,03,11,6.5,744.0,0.0,0.0,0.0
2020-03-11,2020,03,11,7.5,733.5,0.0,0.0,0.0
2020-03-12,2020,03,11,7.5,734.0,0.0,0.0,0.0
2020-03-13,2020,03,11,3.5,732.5,1.0,0.0,0.0
2020-03-14,2020,03,11,2.0,735.5,0.0,1.0,0.0
2020-03-15,2020,03,11,-2.5,748.5,0.0,0.0,0.0
2020-03-16,2020,03,12,4.0,751.0,0.0,0.0,0.0
2020-03-17,2020,03,12,6.0,752.5,0.0,0.0,0.0
2020-03-18,2020,03,12,9.5,750.5,0.0,0.0,0.0
2020-03-19,2020,03,12,8.0,743.5,0.0,0.0,0.0
2020-03-20,2020,03,12,3.5,747.0,0.0,0.0,0.0
2020-03-21,2020,03,12,-1.0,752.5,0.0,0.0,0.0
2020-03-22,2020,03,12,-1.5,760.5,0.0,0.0,0.0
2020-03-23,2020,03,13,0.0,763.0,0.0,0.0,0.0
2020-03-24,2020,03,13,0.5,761.0,0.0,0.0,0.0
2020-03-25,2020,03,13,9.5,760.0,0.0,0.0,0.0
2020-03-26,2020,03,13,12.0,759.5,0.0,0.0,0.0
2020-03-27,2020,03,13,11.5,759.5,0.0,0.0,0.0
2020-03-28,2020,03,13,13.5,749.5,0.0,0.0,0.0
2020-03-29,2020,03,13,14.5,741.0,0.0,0.0,0.0
2020-03-30,2020,03,14,-2.0,744.0,0.0,2.0,0.0
2020-03-31,2020,03,14,-3.5,746.0,0.0,1.0,0.0
2020-04-01,2020,04,14,2.0,738.5,0.0,0.0,0.0
2020-04-02,2020,04,14,4.5,738.5,0.0,0.0,0.0
2020-04-03,2020,04,14,10.0,738.0,0.0,0.0,0.0
2020-04-04,2020,04,14,3.0,748.5,0.0,0.0,0.0
2020-04-05,2020,04,14,2.5,753.5,0.0,1.0,0.0
2020-04-06,2020,04,15,3.0,759.5,0.0,0.0,0.0
2020-04-07,2020,04,15,7.0,757.5,0.0,0.0,0.0
2020-04-08,2020,04,15,11.0,749.0,0.0,0.0,0.0
2020-04-09,2020,04,15,13.5,743.5,0.0,0.0,0.0
2020-04-10,2020,04,15,7.0,745.0,0.0,0.0,0.0
2020-04-11,2020,04,15,3.5,749.0,0.0,0.0,0.0
2020-04-12,2020,04,15,4.0,750.0,0.0,0.0,0.0
2020-04-13,2020,04,16,14.5,739.0,0.0,0.0,0.0
2020-04-14,2020,04,16,5.0,739.5,1.0,0.0,0.0
2020-04-15,2020,04,16,4.0,735.0,0.0,0.0,0.0
2020-04-16,2020,04,16,4.5,727.0,1.0,0.0,0.0
2020-04-17,2020,04,16,3.5,735.5,1.0,0.0,0.0
2020-04-18,2020,04,16,4.0,741.0,0.0,0.0,0.0
2020-04-19,2020,04,16,5.0,745.0,0.0,0.0,0.0
2020-04-20,2020,04,17,6.5,749.5,0.0,0.0,0.0
2020-04-21,2020,04,17,8.5,748.5,0.0,0.0,0.0
2020-04-22,2020,04,17,6.0,746.0,0.0,0.0,0.0
2020-04-23,2020,04,17,7.5,742.0,0.0,0.0,0.0
2020-04-24,2020,04,17,7.0,735.5,0.0,0.0,0.0
2020-04-25,2020,04,17,7.0,734.5,0.0,0.0,0.0
2020-04-26,2020,04,17,7.0,738.5,0.0,0.0,0.0
2020-04-27,2020,04,18,8.5,739.5,0.0,0.0,0.0
2020-04-28,2020,04,18,9.5,742.5,0.0,0.0,0.0
2020-04-29,2020,04,18,10.5,737.0,0.0,0.0,0.0
2020-04-30,2020,04,18,7.5,746.0,0.0,0.0,0.0
